{
  "versions": [
    {
      "version": "model_v20260522_185719",
      "timestamp": "20260522_185719",
      "metrics": {
        "accuracy": 0.9831649831649831,
        "f1_weighted": 0.9831341412049525,
        "f1_macro": 0.9780955036042854,
        "precision": 0.98314614000575,
        "recall": 0.9831649831649831,
        "samples_trained": 1481,
        "features": [
          "mean_deflection",
          "max_deflection",
          "vibration_std",
          "vibration_max",
          "deflection_rate"
        ]
      }
    },
    {
      "version": "model_v20260522_185727",
      "timestamp": "20260522_185727",
      "metrics": {
        "accuracy": 0.9831649831649831,
        "f1_weighted": 0.9831341412049525,
        "f1_macro": 0.9780955036042854,
        "precision": 0.98314614000575,
        "recall": 0.9831649831649831,
        "samples_trained": 1481,
        "features": [
          "mean_deflection",
          "max_deflection",
          "vibration_std",
          "vibration_max",
          "deflection_rate"
        ]
      }
    }
  ]
}